Designator,Footprint,Quantity,Value,LCSC Part #
D1,D_MiniMELF,1,1N914BWS,
J1,USB_C_Receptacle_GCT_USB4085,1,USB_C_Receptacle_USB2.0,
J2,OLED_I2C_SSD1306,1,OLED,
"K0, K1, K10, K100, K101, K102, K11, K110, K111, K112, K12, K2, K20, K21, K22, K30, K31, K32, K33, K40, K41, K42, K43, K50, K51, K52, K53, K60, K61, K62, K63, K70, K71, K72, K73, K80, K81, K82, K83, K90, K91, K92",key_diode_led,42,key-diode-led,
"R1, R2",R_0805_2012Metric,2,10K,
"R3, R4",R_0805_2012Metric,2,5.1K,
RSW1,ResetSW,1,BOOTSEL,
RSW2,ResetSW,1,RESET,
U1,RP2040_Stamp_SMD,1,RP2040_Stamp,
